name,seqres
XP_019552373.1_E0D877,MVLADLGRKITNALHSLSKATIINEEVLDSMLKEICTALLEADVNIRLVKKLRENVKSVIDFDEMAGGLNKRRMIQSAVFKELVKLVDPGVKPFQPVKGRPNVIMFVGLQGSGKTTTCTKLAYHYQKKNWKSCLVCADTFRAGAYDQIKQNATKARIPFYGSYTEVDPVVIAQDGVDMFKKEGFEFIIVDTSGRHKQEESLFEEMLAVATAVKPDNIIFVMDATIGQACEAQAKAFKEKVDIGSVIITKLDGHAKGGGALSAVAATNSPIIFIGTGEHIDDLEPFKTKPFISKLLGMGDIEGLIDKVNELNLDDNEELIDKIKHGQFTIRDMYEQFQNIMKMGPFSQIMGMIPGFSQDFMTKGGEQESMARIKRLMTMMDSMSDGELDNKDGAKLFSKQPTRVIRVAQGSGVTEREVRDLISQYTKFAAVIKKMGGIKGLFKSGDMTKNVNPTQMAKLNQQMAKMIDPRMFQQMGGMSGLQNMMRQLQQGAGGLGNLMGGFGKS:MAGKPGIQLFVIFLLLSSFAAVVWAMDNMPADKDVSKLFPLTLIHINDLHARFDETNMKS
XP_019559785.1_E0D877,MVLADLGRKITNALHSLSKATIINEEVLDSMLKEICTALLEADVNIRLVKKLRENVKSVIDFDEMAGGLNKRRMIQSAVFKELVKLVDPGVKPFQPVKGRPNVIMFVGLQGSGKTTTCTKLAYHYQKKNWKSCLVCADTFRAGAYDQIKQNATKARIPFYGSYTEVDPVVIAQDGVDMFKKEGFEFIIVDTSGRHKQEESLFEEMLAVATAVKPDNIIFVMDATIGQACEAQAKAFKEKVDIGSVIITKLDGHAKGGGALSAVAATNSPIIFIGTGEHIDDLEPFKTKPFISKLLGMGDIEGLIDKVNELNLDDNEELIDKIKHGQFTIRDMYEQFQNIMKMGPFSQIMGMIPGFSQDFMTKGGEQESMARIKRLMTMMDSMSDGELDNKDGAKLFSKQPTRVIRVAQGSGVTEREVRDLISQYTKFAAVIKKMGGIKGLFKSGDMTKNVNPTQMAKLNQQMAKMIDPRMFQQMGGMSGLQNMMRQLQQGAGGLGNLMGGFGKS:MAGKPGIQLFVIFLLLSSFAAVVWAMDNMPADKDVSKLFPLTLIHINDLHARFDETNMKS
XP_029709747.1_E0D877,MVLADLGRKITNALHSLSKATIINEEVLDSMLKEICTALLEADVNIRLVKKLRENVKSVIDFDEMAGGLNKRRMIQSAVFKELVKLVDPGVKPFQPVKGRPNVIMFVGLQGSGKTTTCTKLAYHYQKKNWKSCLVCADTFRAGAYDQIKQNATKARIPFYGSYTEVDPVVIAQDGVDMFKKEGFEFIIVDTSGRHKQEESLFEEMLAVATAVKPDNIIFVMDATIGQACEAQAKAFKEKVDIGSVIITKLDGHAKGGGALSAVAATNSPIIFIGTGEHIDDLEPFKTKPFISKLLGMGDIEGLIDKVNELNLDDNEELIDKIKHGQFTIRDMYEQFQNIMKMGPFSQIMGMIPGFSRTS:MAGKPGIQLFVIFLLLSSFAAVVWAMDNMPADKDVSKLFPLTLIHINDLHARFDETNMKS
XP_024407089.1_K9IMD0,MVLADLGRKITSALRSLSNATIINEEVLNAMLKEVCTALLEADVNIKLVKQLRENVKSAIDLEEMASGLNKRKMIQHAVFKELVKLVDPGVKAWTPTKGKQNVIMFVGLQGSGKTTTCSKLAYYYQRKGWKTCLICADTFRAGAFDQLKQNATKARIPFYGSYTEMDPVIIASEGVEKFKNENFEIIIVDTSGRHKQEDSLFEEMLQVANAIQPDNIVYVMDASIGQACEAQAKAFKDKVDVASVIVTKLDGHAKGGGALSAVAATKSPIIFIGTGEHIDDFEPFKTQPFISKLLGMGDIEGLIDKVNELKLDDNEALIEKLKHGQFTLRDMYEQFQNIMKMGPFSQILGMIPGFGTDFMSKGNEQESMARLKKLMTIMDSMNDQELDSTDGAKVFSKQPGRIQRVARGSGVSTRDVQELLTQYTKFAQMVKKMGGIKGLFKGGDMSKNVSQSQMAKLNQQMAKMMDPRVLHHMGGMAGLQSMMRQFQQGAAGNMKGMMGFNNM:MKLLFLALLSLLALGPSLAARRRGVRWCTISKPEAAKCSKLQQNLKRVRGPSLSCISRKS
XP_045044029.1_K9IMD0,MVLADLGRKITSALRSLSNATIINEEVLNAMLKEVCTALLEADVNIKLVKQLRENVKSAIDLEEMASGLNKRKMIQHAVFKELVKLVDPGVKAWTPTKGKQNVIMFVGLQGSGKTTTCSKLAYYYQRKGWKTCLICADTFRAGAFDQLKQNATKARIPFYGSYTEMDPVIIASEGVEKFKNENFEIIIVDTSGRHKQEDSLFEEMLQVANAIQPDNIVYVMDASIGQACEAQAKAFKDKVDVASVIVTKLDGHAKGGGALSAVAATKSPIIFIGTGEHIDDFEPFKTQPFISKLLGMGDIEGLIDKVNELKLDDNEALIEKLKHGQFTLRDMYEQFQNIMKMGPFSQILGMIPGFGTDFMSKGNEQESMARLKKLMTIMDSMNDQELDSTDGAKVFSKQPGRIQRVARGSGVSTRDVQELLTQYTKFAQMVKKMGGIKGLFKGGDMSKNVSQSQMAKLNQQMAKMMDPRVLHHMGGMAGLQSMMRQFQQGAAGNMKGMMGFNNM:MKLLFLALLSLLALGPSLAARRRGVRWCTISKPEAAKCSKLQQNLKRVRGPSLSCISRKS
XP_053784205.1_K9IMD0,MVLADLGRKITSALRSLSNATIINEEVLNAMLKEVCTALLEADVNIKLVKQLRENVKSAIDLEEMASGLNKRKMIQHAVFKELVKLVDPGVKAWTPTKGKQNVIMFVGLQGSGKTTTCSKLAYYYQRKGWKTCLICADTFRAGAFDQLKQNATKARIPFYGSYTEMDPVIIASEGVEKFKNENFEIIIVDTSGRHKQEDSLFEEMLQVANAIQPDNIVYVMDASIGQACEAQAKAFKDKVDVASVIVTKLDGHAKGGGALSAVAATKSPIIFIGTGEHIDDFEPFKTQPFISKLLGMGDIEGLIDKVNELKLDDNEALIEKLKHGQFTLRDMYEQFQNIMKMGPFSQILGMIPGFGTDFMSKGNEQESMARLKKLMTIMDSMNDQELDSTDGAKVFSKQPGRIQRVARGSGVSTRDVQELLTQYTKFAQMVKKMGGIKGLFKGGDMSKNVSQSQMAKLNQQMAKMMDPRVLHHMVCDFLGEKIASVLGISTPKYQYAIDEYYRMKKEEEEEEEENRMSEEAERQYQQKKLQADSTVQTDQPETVVSNSFVNLNFEMEGDCEVIAESKPSPVSVPP:MKLLFLALLSLLALGPSLAARRRGVRWCTISKPEAAKCSKLQQNLKRVRGPSLSCISRKS
XP_023214277.1_P01492,MLDFLGKRLQKSLAKIKAKTTINEADILEVTRSIKLSLLEADVNLGVVRDFVKAVKEKAIGSNLIGQLNPSQQMVKIVRDELTQVLGQKTKSIALHRPINVVMLIGLQGSGKTTTAAKLVGYYRQHHQIKKPLLVAADIYRPAAIDQLITLGQQNKIPVFSEGQIDPRQIVTNALKKARQEEFDLVVIDTAGRLAINQELMHELADLKKIARPHQIYLVVDALVGQDIINVAKAFHDQLDLSGFILTKLDSDARGGAALSLTYLLKIPIVLIGTGEKVGQIELFHPDRMAERILGMGDVLSLIEKAQDVVDEKQTQRLMHRLASGRFNLNDLIDQLKQIKKMGKMGKILQMIPGMAQKIPAEKIASAERKLVTFEILIQSMTRQERLEPKLLKQAARKQRIMRGSGRSAQDYNLLINEFDRMSKQMKDLSKSLQDGSFSPRKFGLT:MNSLLIITACFALVGTVWAKEGYLVKKSDGCKYDCFWLGKNEHCDTECKAKNQGGSYGYC
XP_023222506.1_P01492,MVLADLGRKITSALRSLSNATIINKEVLDSMLKEICTALLEADVNIKLVKQLRENVRSVIDFDEMAAGLNKRRMIQTAVFKELVKLVDPGVKAWQPVKGKPNIIMFVGLQGSGKTTTCTKLAYHYMKKGWKTSLVCADTFRAGAFDQLKQNATKARIPFYGSYTEVDPVVIAQEGVDKFKKENFEIIIVDTSGRHKQEDSLFEEMLQVSNATDPDNIIFVMDASIGQACEAQARAFKDKVDVGAVIVTKLDGHAKGGGALSAVAATQSPIIFIGTGEHIDDFEPFKVKPFVSKLLGMGDIEGLIDKVNELKLDDNEELIEKLKHGEFTLRDMYEQFQNIMKMGPFSQIMGMIPGFSSDFMTKGNEQESMARLKKLMTIMDSMNDQELDHREGAKLFSRQTGRITRVARGAGVTSREVQELLSQYTKFAAMVKKMGGIKGLFKGGDMAKNVNPVQMAKLNQQMAKMMDPRVLHQLGGISGLQSMMRQLQGAATGNMSHVMGMGK:MNSLLIITACFALVGTVWAKEGYLVKKSDGCKYDCFWLGKNEHCDTECKAKNQGGSYGYC
XP_026566858.1_Q7SZN0,MVLADLGRKITSALRSLSNATIINEEVLNAMLKEVCTALLEADVNIKLVKQLRENVKSAIDLEEMASGLNKRKMIQHAVFKELVKLVDPGVKAWTPTKGKQNIIMFVGLQGSGKTTSCSKLAYYYQKKGWKTCLICADTYRAGAFDQLKQNATKARIPFYGSYTEMDPVIIASEGVDKFKNENFEIIIVDTSGRHKQEDSLFEEMLQVANAIQPDNIVYVMDASIGQACEAQAKAFKDKVDVASVIVTKLDGHAKGGGALSAVAATKSPIIFIGTGEHIDDFEPFKTQPFISKLLGMGDIEGLIDKVNELKLDDNEALIEKLKHGQFTLRDMYEQFQNIMKMGPFSQILGMIPGFGTDFMSKGNEQESMARLKKLMTIMDSMNDQELDSTDGAKVFSKQPGRIQRVARGSGVSTRDVQELLTQYTKFAQMVKKMGGIKGLFKGGDMSKNVNPSQMAKLNQQMAKMMDPRVLHHMGGMAGLQSMMRQFQQGAAGNIKGMMGFNNM:MGRYSVSPVPKCLLLMFLGWSGLKYYQVNAAQLREYHIAAQLEDWDYNPQPEELSRLSES
XP_026566867.1_Q7SZN0,MVLADLGRKITSALRSLSNATIINEEVLNAMLKEVCTALLEADVNIKLVKQLRENVKSAIDLEEMASGLNKRKMIQHAVFKELVKLVDPGVKAWTPTKGKQNIIMFVGLQGSGKTTSCSKLAYYYQKKGWKTCLICADTYRAGAFDQLKQNATKARIPFYGSYTEMDPVIIASEGVDKFKNENFEIIIVDTSGRHKQEDSLFEEMLQVANAIQPDNIVYVMDASIGQACEAQAKAFKDKVDVASVIVTKLDGHAKGGGALSAVAATKSPIIFIGTGEHIDDFEPFKTQPFISKLLGMGDIEGLIDKVNELKLDDNEALIEKLKHGQFTLRDMYEQFQNIMKMGPFSQILGMIPGFGTDFMSKGNEQESMARLKKLMTIMDSMNDQELDSTDGAKVFSKQPGRIQRVARGSGVSTRDVQELLTQYTKFAQMVKKMGGIKGLFKGGDMSKNVNPSQMAKLNQQMAKMMDPRVLHHMGGMAGLQSMMRQFQQGAAGNIKGMMGFNNM:MGRYSVSPVPKCLLLMFLGWSGLKYYQVNAAQLREYHIAAQLEDWDYNPQPEELSRLSES
XP_023214277.1_P01491,MLDFLGKRLQKSLAKIKAKTTINEADILEVTRSIKLSLLEADVNLGVVRDFVKAVKEKAIGSNLIGQLNPSQQMVKIVRDELTQVLGQKTKSIALHRPINVVMLIGLQGSGKTTTAAKLVGYYRQHHQIKKPLLVAADIYRPAAIDQLITLGQQNKIPVFSEGQIDPRQIVTNALKKARQEEFDLVVIDTAGRLAINQELMHELADLKKIARPHQIYLVVDALVGQDIINVAKAFHDQLDLSGFILTKLDSDARGGAALSLTYLLKIPIVLIGTGEKVGQIELFHPDRMAERILGMGDVLSLIEKAQDVVDEKQTQRLMHRLASGRFNLNDLIDQLKQIKKMGKMGKILQMIPGMAQKIPAEKIASAERKLVTFEILIQSMTRQERLEPKLLKQAARKQRIMRGSGRSAQDYNLLINEFDRMSKQMKDLSKSLQDGSFSPRKFGLT:MNSLLMITACLVLIGTVWAKDGYLVEKTGCKKTCYKLGENDFCNRECKWKHIGGSYGYCY
XP_023222506.1_P01491,MVLADLGRKITSALRSLSNATIINKEVLDSMLKEICTALLEADVNIKLVKQLRENVRSVIDFDEMAAGLNKRRMIQTAVFKELVKLVDPGVKAWQPVKGKPNIIMFVGLQGSGKTTTCTKLAYHYMKKGWKTSLVCADTFRAGAFDQLKQNATKARIPFYGSYTEVDPVVIAQEGVDKFKKENFEIIIVDTSGRHKQEDSLFEEMLQVSNATDPDNIIFVMDASIGQACEAQARAFKDKVDVGAVIVTKLDGHAKGGGALSAVAATQSPIIFIGTGEHIDDFEPFKVKPFVSKLLGMGDIEGLIDKVNELKLDDNEELIEKLKHGEFTLRDMYEQFQNIMKMGPFSQIMGMIPGFSSDFMTKGNEQESMARLKKLMTIMDSMNDQELDHREGAKLFSRQTGRITRVARGAGVTSREVQELLSQYTKFAAMVKKMGGIKGLFKGGDMAKNVNPVQMAKLNQQMAKMMDPRVLHQLGGISGLQSMMRQLQGAATGNMSHVMGMGK:MNSLLMITACLVLIGTVWAKDGYLVEKTGCKKTCYKLGENDFCNRECKWKHIGGSYGYCY
XP_023214277.1_P01493,MLDFLGKRLQKSLAKIKAKTTINEADILEVTRSIKLSLLEADVNLGVVRDFVKAVKEKAIGSNLIGQLNPSQQMVKIVRDELTQVLGQKTKSIALHRPINVVMLIGLQGSGKTTTAAKLVGYYRQHHQIKKPLLVAADIYRPAAIDQLITLGQQNKIPVFSEGQIDPRQIVTNALKKARQEEFDLVVIDTAGRLAINQELMHELADLKKIARPHQIYLVVDALVGQDIINVAKAFHDQLDLSGFILTKLDSDARGGAALSLTYLLKIPIVLIGTGEKVGQIELFHPDRMAERILGMGDVLSLIEKAQDVVDEKQTQRLMHRLASGRFNLNDLIDQLKQIKKMGKMGKILQMIPGMAQKIPAEKIASAERKLVTFEILIQSMTRQERLEPKLLKQAARKQRIMRGSGRSAQDYNLLINEFDRMSKQMKDLSKSLQDGSFSPRKFGLT:MNSLLIITACLFLIGTVWAKEGYLVNKSTGCKYGCLKLGENEGCDKECKAKNQGGSYGYC
XP_023222506.1_P01493,MVLADLGRKITSALRSLSNATIINKEVLDSMLKEICTALLEADVNIKLVKQLRENVRSVIDFDEMAAGLNKRRMIQTAVFKELVKLVDPGVKAWQPVKGKPNIIMFVGLQGSGKTTTCTKLAYHYMKKGWKTSLVCADTFRAGAFDQLKQNATKARIPFYGSYTEVDPVVIAQEGVDKFKKENFEIIIVDTSGRHKQEDSLFEEMLQVSNATDPDNIIFVMDASIGQACEAQARAFKDKVDVGAVIVTKLDGHAKGGGALSAVAATQSPIIFIGTGEHIDDFEPFKVKPFVSKLLGMGDIEGLIDKVNELKLDDNEELIEKLKHGEFTLRDMYEQFQNIMKMGPFSQIMGMIPGFSSDFMTKGNEQESMARLKKLMTIMDSMNDQELDHREGAKLFSRQTGRITRVARGAGVTSREVQELLSQYTKFAAMVKKMGGIKGLFKGGDMAKNVNPVQMAKLNQQMAKMMDPRVLHQLGGISGLQSMMRQLQGAATGNMSHVMGMGK:MNSLLIITACLFLIGTVWAKEGYLVNKSTGCKYGCLKLGENEGCDKECKAKNQGGSYGYC
XP_023214277.1_P01494,MLDFLGKRLQKSLAKIKAKTTINEADILEVTRSIKLSLLEADVNLGVVRDFVKAVKEKAIGSNLIGQLNPSQQMVKIVRDELTQVLGQKTKSIALHRPINVVMLIGLQGSGKTTTAAKLVGYYRQHHQIKKPLLVAADIYRPAAIDQLITLGQQNKIPVFSEGQIDPRQIVTNALKKARQEEFDLVVIDTAGRLAINQELMHELADLKKIARPHQIYLVVDALVGQDIINVAKAFHDQLDLSGFILTKLDSDARGGAALSLTYLLKIPIVLIGTGEKVGQIELFHPDRMAERILGMGDVLSLIEKAQDVVDEKQTQRLMHRLASGRFNLNDLIDQLKQIKKMGKMGKILQMIPGMAQKIPAEKIASAERKLVTFEILIQSMTRQERLEPKLLKQAARKQRIMRGSGRSAQDYNLLINEFDRMSKQMKDLSKSLQDGSFSPRKFGLT:MNSLLMITACLFLIGTVWAKEGYLVNKSTGCKYGCLKLGENEGCDKECKAKNQGGSYGYC
XP_023222506.1_P01494,MVLADLGRKITSALRSLSNATIINKEVLDSMLKEICTALLEADVNIKLVKQLRENVRSVIDFDEMAAGLNKRRMIQTAVFKELVKLVDPGVKAWQPVKGKPNIIMFVGLQGSGKTTTCTKLAYHYMKKGWKTSLVCADTFRAGAFDQLKQNATKARIPFYGSYTEVDPVVIAQEGVDKFKKENFEIIIVDTSGRHKQEDSLFEEMLQVSNATDPDNIIFVMDASIGQACEAQARAFKDKVDVGAVIVTKLDGHAKGGGALSAVAATQSPIIFIGTGEHIDDFEPFKVKPFVSKLLGMGDIEGLIDKVNELKLDDNEELIEKLKHGEFTLRDMYEQFQNIMKMGPFSQIMGMIPGFSSDFMTKGNEQESMARLKKLMTIMDSMNDQELDHREGAKLFSRQTGRITRVARGAGVTSREVQELLSQYTKFAAMVKKMGGIKGLFKGGDMAKNVNPVQMAKLNQQMAKMMDPRVLHQLGGISGLQSMMRQLQGAATGNMSHVMGMGK:MNSLLMITACLFLIGTVWAKEGYLVNKSTGCKYGCLKLGENEGCDKECKAKNQGGSYGYC
XP_026566858.1_P23028,MVLADLGRKITSALRSLSNATIINEEVLNAMLKEVCTALLEADVNIKLVKQLRENVKSAIDLEEMASGLNKRKMIQHAVFKELVKLVDPGVKAWTPTKGKQNIIMFVGLQGSGKTTSCSKLAYYYQKKGWKTCLICADTYRAGAFDQLKQNATKARIPFYGSYTEMDPVIIASEGVDKFKNENFEIIIVDTSGRHKQEDSLFEEMLQVANAIQPDNIVYVMDASIGQACEAQAKAFKDKVDVASVIVTKLDGHAKGGGALSAVAATKSPIIFIGTGEHIDDFEPFKTQPFISKLLGMGDIEGLIDKVNELKLDDNEALIEKLKHGQFTLRDMYEQFQNIMKMGPFSQILGMIPGFGTDFMSKGNEQESMARLKKLMTIMDSMNDQELDSTDGAKVFSKQPGRIQRVARGSGVSTRDVQELLTQYTKFAQMVKKMGGIKGLFKGGDMSKNVNPSQMAKLNQQMAKMMDPRVLHHMGGMAGLQSMMRQFQQGAAGNIKGMMGFNNM:MHPAHLLVLLGVCVSLLGAASIPRPSLNIMLFGNMIQCTIPCEQSWLGYLDYGCYCGSGS
XP_026566867.1_P23028,MVLADLGRKITSALRSLSNATIINEEVLNAMLKEVCTALLEADVNIKLVKQLRENVKSAIDLEEMASGLNKRKMIQHAVFKELVKLVDPGVKAWTPTKGKQNIIMFVGLQGSGKTTSCSKLAYYYQKKGWKTCLICADTYRAGAFDQLKQNATKARIPFYGSYTEMDPVIIASEGVDKFKNENFEIIIVDTSGRHKQEDSLFEEMLQVANAIQPDNIVYVMDASIGQACEAQAKAFKDKVDVASVIVTKLDGHAKGGGALSAVAATKSPIIFIGTGEHIDDFEPFKTQPFISKLLGMGDIEGLIDKVNELKLDDNEALIEKLKHGQFTLRDMYEQFQNIMKMGPFSQILGMIPGFGTDFMSKGNEQESMARLKKLMTIMDSMNDQELDSTDGAKVFSKQPGRIQRVARGSGVSTRDVQELLTQYTKFAQMVKKMGGIKGLFKGGDMSKNVNPSQMAKLNQQMAKMMDPRVLHHMGGMAGLQSMMRQFQQGAAGNIKGMMGFNNM:MHPAHLLVLLGVCVSLLGAASIPRPSLNIMLFGNMIQCTIPCEQSWLGYLDYGCYCGSGS
XP_022106982.1_Q75WF2,MVLADLGRKITSALKSLSNATIIDEDVLNSMLSEVCRALLEADVNIRLVKQLRENVKSVIDFEEMAGGLNKRKMIQTAVFKELVKLIDPGVKAWTPLKGKPNIIMFVGLQGSGKTTTCTKLAYHFQKKGWKSCLICADTFRAGAFDQLKQNATKARIPFYGSYTEVDPVLLAADGVEKFKNEGFEIIIVDTSGRHKQEDSLFEEMLQVSNAINPDNVVFVMDASIGQACEAQSRAFKEKVDVASVIITKLDGHAKGGGALSAVAATKSPVIFIGTGEHIDDFEQFKTKPFVSKLLGMGDIEGLIDKVSELNLDDNEELINKLKHGEFTLRDMYEQFQNIMKMGPFGQIMGMIPGFSSDFISKGNEQESMARLKKLMTIMDSMNDEELDSREGAKLFMRTQGRVHRVARGAGVSSKEVQELLQQYQKFAQMVKKMGGIKGLFKGKGGDMAKNVNPAQMQKLNQSIAKAMDPRVLHQIGGVGGLQNMLRQFQQGAAGGAGGLGGLGNMMGGAGGPNK:MPSSVIMFTFLALTVLTAVMVGTSEAVSCMDNKNKPVDWFIVYKLPQDSASSKPVIREGY
XP_022106983.1_Q75WF2,MVLADLGRKITSALKSLSNATIIDEDVLNSMLSEVCRALLEADVNIRLVKQLRENVKSVIDFEEMAGGLNKRKMIQTAVFKELVKLIDPGVKAWTPLKGKPNIIMFVGLQGSGKTTTCTKLAYHFQKKGWKSCLICADTFRAGAFDQLKQNATKARIPFYGSYTEVDPVLLAADGVEKFKNEGFEIIIVDTSGRHKQEDSLFEEMLQVSNAINPDNVVFVMDASIGQACEAQSRAFKEKVDVASVIITKLDGHAKGGGALSAVAATKSPVIFIGTGEHIDDFEQFKTKPFVSKLLGMGDIEGLIDKVSELNLDDNEELINKLKHGEFTLRDMYEQFQNIMKMGPFGQIMGMIPGFSSDFISKGNEQESMARLKKLMTIMDSMNDEELDSREGAKLFMRTQGRVHRVARGAGVSSKEVQELLQQYQKFAQMVKKMGGIKGLFKGKGGDMAKNVNPAQMQKLNQSIAKAMDPRVLHQIGGVGGLQNMLRQFQQGAAGGAGGLGGLGNMMGGAGGPNK:MPSSVIMFTFLALTVLTAVMVGTSEAVSCMDNKNKPVDWFIVYKLPQDSASSKPVIREGY
XP_011174106.2_P35775,VFDILIFFSVAATQSPVIFVGTGEHIDDLEPFKTKPFISKLLGMGDIEGLIDKVNELNLDDNEELLEKIKHGQFTLRDMYEQFQNIMKMGPFSQLMGMIPGFSQDFMSKGTEQESMARLKRLMTIMDSMNDAELDSRDGAKLFSKQPGRITRVARGSGVIEKEVKDLITQYTKFAAVVKKMGGIKGLFKAGDMAKNVNPTQMAKLNHQMAKMMDPRVLHQMG:MKSFVLATCLLGFAQIIYADNKELKIIRKDVAECLRTLPKCGNQPDDPLARVDVWHCAMA
XP_025990867.1_P35775,MVLADLGRKITSALRSLSNATVINEEVLNSMLKEICAALLEADVNIRLVKKLRENVRQVIDFEDMAGGLNKRRMIQSAVFKELVKLIDPGVKAYQPVKGRPNVIMFVGLQGSGKTTTCTKLAYHYLKKNWKACLVCADTFRAGAYDQIKQNATKARIPFYGSYTEVDPVAIAQDGVDMFKKEGYEIIIVDTSGRHKQEESLFEEMLQVANAVQPDNIIFVMDATIGQACEAQAKAFKERVNVGSIIITKLDGHAKGGGALSAVAATQSPVIFVGTGEHIDDLEPFKTKPFISKLLGMGDIEGLIDKVNELNLDDNEELLEKIKHGQFTLRDMYEQFQNIMKMGPFSQLMGMIPGFSQDFMSKGTEQESMARLKRLMTIMDSMNDAELDSRDGAKLFSKQPGRITRVARGSGVIEKEVKDLITQYTKFAAVVKKMGGIKGLFKAGDMAKNVNPTQMAKLNHQMAKMMDPRVLHQMGGMPGLQNIMKQLQQGAAGGLGNLMGGFGGKS:MKSFVLATCLLGFAQIIYADNKELKIIRKDVAECLRTLPKCGNQPDDPLARVDVWHCAMA
XP_011174106.2_P35777,VFDILIFFSVAATQSPVIFVGTGEHIDDLEPFKTKPFISKLLGMGDIEGLIDKVNELNLDDNEELLEKIKHGQFTLRDMYEQFQNIMKMGPFSQLMGMIPGFSQDFMSKGTEQESMARLKRLMTIMDSMNDAELDSRDGAKLFSKQPGRITRVARGSGVIEKEVKDLITQYTKFAAVVKKMGGIKGLFKAGDMAKNVNPTQMAKLNHQMAKMMDPRVLHQMG:MKTFVLVSCLLVFTQIIYALDIKEISIMNRILEKCIRTVPKRENDPINPLRNVNVWYCAF
XP_025990867.1_P35777,MVLADLGRKITSALRSLSNATVINEEVLNSMLKEICAALLEADVNIRLVKKLRENVRQVIDFEDMAGGLNKRRMIQSAVFKELVKLIDPGVKAYQPVKGRPNVIMFVGLQGSGKTTTCTKLAYHYLKKNWKACLVCADTFRAGAYDQIKQNATKARIPFYGSYTEVDPVAIAQDGVDMFKKEGYEIIIVDTSGRHKQEESLFEEMLQVANAVQPDNIIFVMDATIGQACEAQAKAFKERVNVGSIIITKLDGHAKGGGALSAVAATQSPVIFVGTGEHIDDLEPFKTKPFISKLLGMGDIEGLIDKVNELNLDDNEELLEKIKHGQFTLRDMYEQFQNIMKMGPFSQLMGMIPGFSQDFMSKGTEQESMARLKRLMTIMDSMNDAELDSRDGAKLFSKQPGRITRVARGSGVIEKEVKDLITQYTKFAAVVKKMGGIKGLFKAGDMAKNVNPTQMAKLNHQMAKMMDPRVLHQMGGMPGLQNIMKQLQQGAAGGLGNLMGGFGGKS:MKTFVLVSCLLVFTQIIYALDIKEISIMNRILEKCIRTVPKRENDPINPLRNVNVWYCAF
XP_011174106.2_P35778,VFDILIFFSVAATQSPVIFVGTGEHIDDLEPFKTKPFISKLLGMGDIEGLIDKVNELNLDDNEELLEKIKHGQFTLRDMYEQFQNIMKMGPFSQLMGMIPGFSQDFMSKGTEQESMARLKRLMTIMDSMNDAELDSRDGAKLFSKQPGRITRVARGSGVIEKEVKDLITQYTKFAAVVKKMGGIKGLFKAGDMAKNVNPTQMAKLNHQMAKMMDPRVLHQMG:MELIVSILWLAITAENLANTLATNYCNLQSCKRNNAIHTMCQYTSPTPGPMCLEYSNVGF
XP_025990867.1_P35778,MVLADLGRKITSALRSLSNATVINEEVLNSMLKEICAALLEADVNIRLVKKLRENVRQVIDFEDMAGGLNKRRMIQSAVFKELVKLIDPGVKAYQPVKGRPNVIMFVGLQGSGKTTTCTKLAYHYLKKNWKACLVCADTFRAGAYDQIKQNATKARIPFYGSYTEVDPVAIAQDGVDMFKKEGYEIIIVDTSGRHKQEESLFEEMLQVANAVQPDNIIFVMDATIGQACEAQAKAFKERVNVGSIIITKLDGHAKGGGALSAVAATQSPVIFVGTGEHIDDLEPFKTKPFISKLLGMGDIEGLIDKVNELNLDDNEELLEKIKHGQFTLRDMYEQFQNIMKMGPFSQLMGMIPGFSQDFMSKGTEQESMARLKRLMTIMDSMNDAELDSRDGAKLFSKQPGRITRVARGSGVIEKEVKDLITQYTKFAAVVKKMGGIKGLFKAGDMAKNVNPTQMAKLNHQMAKMMDPRVLHQMGGMPGLQNIMKQLQQGAAGGLGNLMGGFGGKS:MELIVSILWLAITAENLANTLATNYCNLQSCKRNNAIHTMCQYTSPTPGPMCLEYSNVGF
XP_019552373.1_Q5MIW7,MVLADLGRKITNALHSLSKATIINEEVLDSMLKEICTALLEADVNIRLVKKLRENVKSVIDFDEMAGGLNKRRMIQSAVFKELVKLVDPGVKPFQPVKGRPNVIMFVGLQGSGKTTTCTKLAYHYQKKNWKSCLVCADTFRAGAYDQIKQNATKARIPFYGSYTEVDPVVIAQDGVDMFKKEGFEFIIVDTSGRHKQEESLFEEMLAVATAVKPDNIIFVMDATIGQACEAQAKAFKEKVDIGSVIITKLDGHAKGGGALSAVAATNSPIIFIGTGEHIDDLEPFKTKPFISKLLGMGDIEGLIDKVNELNLDDNEELIDKIKHGQFTIRDMYEQFQNIMKMGPFSQIMGMIPGFSQDFMTKGGEQESMARIKRLMTMMDSMSDGELDNKDGAKLFSKQPTRVIRVAQGSGVTEREVRDLISQYTKFAAVIKKMGGIKGLFKSGDMTKNVNPTQMAKLNQQMAKMIDPRMFQQMGGMSGLQNMMRQLQQGAGGLGNLMGGFGKS:MHSPKSFLLLAVVFVALRVTAAPLWNAKNPEQLQYIAARCMEEWSPKAKDPKAALKNWME
XP_019559785.1_Q5MIW7,MVLADLGRKITNALHSLSKATIINEEVLDSMLKEICTALLEADVNIRLVKKLRENVKSVIDFDEMAGGLNKRRMIQSAVFKELVKLVDPGVKPFQPVKGRPNVIMFVGLQGSGKTTTCTKLAYHYQKKNWKSCLVCADTFRAGAYDQIKQNATKARIPFYGSYTEVDPVVIAQDGVDMFKKEGFEFIIVDTSGRHKQEESLFEEMLAVATAVKPDNIIFVMDATIGQACEAQAKAFKEKVDIGSVIITKLDGHAKGGGALSAVAATNSPIIFIGTGEHIDDLEPFKTKPFISKLLGMGDIEGLIDKVNELNLDDNEELIDKIKHGQFTIRDMYEQFQNIMKMGPFSQIMGMIPGFSQDFMTKGGEQESMARIKRLMTMMDSMSDGELDNKDGAKLFSKQPTRVIRVAQGSGVTEREVRDLISQYTKFAAVIKKMGGIKGLFKSGDMTKNVNPTQMAKLNQQMAKMIDPRMFQQMGGMSGLQNMMRQLQQGAGGLGNLMGGFGKS:MHSPKSFLLLAVVFVALRVTAAPLWNAKNPEQLQYIAARCMEEWSPKAKDPKAALKNWME
XP_029709747.1_Q5MIW7,MVLADLGRKITNALHSLSKATIINEEVLDSMLKEICTALLEADVNIRLVKKLRENVKSVIDFDEMAGGLNKRRMIQSAVFKELVKLVDPGVKPFQPVKGRPNVIMFVGLQGSGKTTTCTKLAYHYQKKNWKSCLVCADTFRAGAYDQIKQNATKARIPFYGSYTEVDPVVIAQDGVDMFKKEGFEFIIVDTSGRHKQEESLFEEMLAVATAVKPDNIIFVMDATIGQACEAQAKAFKEKVDIGSVIITKLDGHAKGGGALSAVAATNSPIIFIGTGEHIDDLEPFKTKPFISKLLGMGDIEGLIDKVNELNLDDNEELIDKIKHGQFTIRDMYEQFQNIMKMGPFSQIMGMIPGFSRTS:MHSPKSFLLLAVVFVALRVTAAPLWNAKNPEQLQYIAARCMEEWSPKAKDPKAALKNWME
XP_026566858.1_Q9W7J5,MVLADLGRKITSALRSLSNATIINEEVLNAMLKEVCTALLEADVNIKLVKQLRENVKSAIDLEEMASGLNKRKMIQHAVFKELVKLVDPGVKAWTPTKGKQNIIMFVGLQGSGKTTSCSKLAYYYQKKGWKTCLICADTYRAGAFDQLKQNATKARIPFYGSYTEMDPVIIASEGVDKFKNENFEIIIVDTSGRHKQEDSLFEEMLQVANAIQPDNIVYVMDASIGQACEAQAKAFKDKVDVASVIVTKLDGHAKGGGALSAVAATKSPIIFIGTGEHIDDFEPFKTQPFISKLLGMGDIEGLIDKVNELKLDDNEALIEKLKHGQFTLRDMYEQFQNIMKMGPFSQILGMIPGFGTDFMSKGNEQESMARLKKLMTIMDSMNDQELDSTDGAKVFSKQPGRIQRVARGSGVSTRDVQELLTQYTKFAQMVKKMGGIKGLFKGGDMSKNVNPSQMAKLNQQMAKMMDPRVLHHMGGMAGLQSMMRQFQQGAAGNIKGMMGFNNM:MKTLLLTLVVVTIVCLDLGYTRTCFITPDVKSKPCPPGQEVCYTKTWCDGFCGIRGKRVD
XP_026566867.1_Q9W7J5,MVLADLGRKITSALRSLSNATIINEEVLNAMLKEVCTALLEADVNIKLVKQLRENVKSAIDLEEMASGLNKRKMIQHAVFKELVKLVDPGVKAWTPTKGKQNIIMFVGLQGSGKTTSCSKLAYYYQKKGWKTCLICADTYRAGAFDQLKQNATKARIPFYGSYTEMDPVIIASEGVDKFKNENFEIIIVDTSGRHKQEDSLFEEMLQVANAIQPDNIVYVMDASIGQACEAQAKAFKDKVDVASVIVTKLDGHAKGGGALSAVAATKSPIIFIGTGEHIDDFEPFKTQPFISKLLGMGDIEGLIDKVNELKLDDNEALIEKLKHGQFTLRDMYEQFQNIMKMGPFSQILGMIPGFGTDFMSKGNEQESMARLKKLMTIMDSMNDQELDSTDGAKVFSKQPGRIQRVARGSGVSTRDVQELLTQYTKFAQMVKKMGGIKGLFKGGDMSKNVNPSQMAKLNQQMAKMMDPRVLHHMGGMAGLQSMMRQFQQGAAGNIKGMMGFNNM:MKTLLLTLVVVTIVCLDLGYTRTCFITPDVKSKPCPPGQEVCYTKTWCDGFCGIRGKRVD
